{"cameraMode":{"drawMode":0,"name":"Shaded","section":"Shading Mode"},"sceneLighting":true,"audioPlay":false,"sceneViewState":{"showFog":true,"showMaterialUpdate":false,"showSkybox":true,"showFlares":true,"showImageEffects":true,"showParticleSystems":true},"in2DMode":false,"pivot":{"x":6.977602005004883,"y":-3.686544418334961,"z":-10.172073364257813},"rotation":{"x":-0.10600626468658447,"y":0.19467633962631226,"z":-0.021168282255530359,"w":-0.9748926758766174},"size":16.819000244140626,"orthographic":false}